<?xml version="1.0" encoding="UTF-8"?>
<project-private xmlns="http://www.netbeans.org/ns/project-private/1">
    <editor-bookmarks xmlns="http://www.netbeans.org/ns/editor-bookmarks/2" lastBookmarkId="0"/>
    <open-files xmlns="http://www.netbeans.org/ns/projectui-open-files/2">
        <group>
            <file>file:/C:/Users/Usuario/Documents/Perucello%20SSD/00%20EVOLUA%20-%20aula/Apostila%201%20-%20Java%20Essencial%20-%20Conceitos%20Basicos/Exercicios/Exercicio_1/src/Demo.java</file>
            <file>file:/C:/Users/Usuario/Documents/Perucello%20SSD/00%20EVOLUA%20-%20aula/Apostila%201%20-%20Java%20Essencial%20-%20Conceitos%20Basicos/Exercicios/Exercicio_1/src/EstruturaRepetitivaWHILE_FOR/Exe1.java</file>
        </group>
    </open-files>
</project-private>
